{
	"info": {
		"_postman_id": "b08413f3-15cd-4173-aaa5-2ec4bfedf0f3",
		"name": "inicioSesion",
		"schema": "https://schema.getpostman.com/json/collection/v2.1.0/collection.json",
		"_exporter_id": "26371617"
	},
	"item": [
		{
			"name": "Autentificador",
			"request": {
				"method": "POST",
				"header": [],
				"body": {
					"mode": "raw",
					"raw": "{\n        \"email\": \"nara@gmail.com\",\n        \"password\": \"na\"\n    }",
					"options": {
						"raw": {
							"language": "json"
						}
					}
				},
				"url": {
					"raw": "http://localhost:8080/api/login",
					"protocol": "http",
					"host": [
						"localhost"
					],
					"port": "8080",
					"path": [
						"api",
						"login"
					]
				}
			},
			"response": []
		},
		{
			"name": "AñadirReseña",
			"request": {
				"method": "GET",
				"header": []
			},
			"response": []
		}
	]
}