{
	"info": {
		"_postman_id": "9d26ec09-573f-45bb-aace-13e392162585",
		"name": "NuevaResena",
		"schema": "https://schema.getpostman.com/json/collection/v2.1.0/collection.json",
		"_exporter_id": "26371617"
	},
	"item": [
		{
			"name": "AñadirReseña",
			"request": {
				"method": "POST",
				"header": [],
				"body": {
					"mode": "raw",
					"raw": "{\n        \"id\": 7,\n        \"email\": \"nata@gmail.com\",\n        \"valoracion\": 6.0,\n        \"nombre\": \"Natia\",\n        \"direccion\": \"Calle\",\n        \"localidad\": \"Sanse\",\n        \"m2\": 88000,\n        \"precio\": 78799000,\n        \"comentario\": \"Muy bien todo\",\n        \"likes\": 2\n    }",
					"options": {
						"raw": {
							"language": "json"
						}
					}
				},
				"url": {
					"raw": "http://localhost:8080/NuevaResena",
					"protocol": "http",
					"host": [
						"localhost"
					],
					"port": "8080",
					"path": [
						"NuevaResena"
					]
				}
			},
			"response": []
		},
		{
			"name": "VerReseñas",
			"request": {
				"method": "GET",
				"header": []
			},
			"response": []
		}
	]
}